find_path_between_intersections,60946906
find_path_between_intersections,38977434
find_path_between_intersections,71392241
find_path_between_intersections,63360468
find_path_between_intersections,26548761
find_path_between_intersections,31960557
find_path_between_intersections,102679806
find_path_between_intersections,29307678
find_path_between_intersections,33303842
find_path_between_intersections,103952800
find_path_between_intersections,98083832
find_path_between_intersections,14508949
find_path_between_intersections,56627470
find_path_between_intersections,62034237
find_path_between_intersections,84551983
find_path_between_intersections,65295562
find_path_between_intersections,3165693
find_path_between_intersections,70219505
find_path_between_intersections,21880665
find_path_between_intersections,44470340
find_path_between_intersections,61333478
find_path_between_intersections,111373411
find_path_between_intersections,117598825
find_path_between_intersections,83484885
find_path_between_intersections,99238062
find_path_between_intersections,124685313
find_path_between_intersections,127356793
find_path_between_intersections,14829029
find_path_between_intersections,60582928
find_path_between_intersections,118001035
find_path_between_intersections,62880509
find_path_between_intersections,9630358
find_path_between_intersections,94492434
find_path_between_intersections,116012577
find_path_between_intersections,108961998
find_path_between_intersections,80802003
find_path_between_intersections,82827727
find_path_between_intersections,54343610
find_path_between_intersections,20262897
find_path_between_intersections,47932205
find_path_between_intersections,76469406
find_path_between_intersections,105458355
find_path_between_intersections,4289542
find_path_between_intersections,119569997
find_path_between_intersections,53878781
find_path_between_intersections,77763133
find_path_between_intersections,59212093
find_path_between_intersections,48472577
find_path_between_intersections,48242565
find_path_between_intersections,39772404
find_path_between_intersections,79884557
find_path_between_intersections,77414600
find_path_between_intersections,26833280
find_path_between_intersections,74250080
find_path_between_intersections,45518001
find_path_between_intersections,29112398
find_path_between_intersections,4750167
find_path_between_intersections,120365661
find_path_between_intersections,82197494
find_path_between_intersections,7376490
find_path_between_intersections,51349405
find_path_between_intersections,47000575
find_path_between_intersections,48134472
find_path_between_intersections,84286967
find_path_between_intersections,13166372
find_path_between_intersections,98570167
find_path_between_intersections,16056419
find_path_between_intersections,22728284
find_path_between_intersections,49638425
find_path_between_intersections,2536319
find_path_between_intersections,31487702
find_path_between_intersections,34056564
find_path_between_intersections,107004319
find_path_between_intersections,26650539
find_path_between_intersections,125388695
find_path_between_intersections,126750106
find_path_between_intersections,123235075
find_path_between_intersections,73854142
find_path_between_intersections,64167291
find_path_between_intersections,63949538
find_path_between_intersections,16414965
find_path_between_intersections,112638996
find_path_between_intersections,56792684
find_path_between_intersections,95541432
find_path_between_intersections,60008656
find_path_between_intersections,95960194
find_path_between_intersections,94214576
find_path_between_intersections,116715651
find_path_between_intersections,99954904
find_path_between_intersections,26540923
find_path_between_intersections,43283237
find_path_between_intersections,87948643
find_path_between_intersections,30293014
find_path_between_intersections,42079983
find_path_between_intersections,42034975
find_path_between_intersections,60774648
find_path_between_intersections,127298117
find_path_between_intersections,80105627
find_path_between_intersections,42907493
find_path_between_intersections,91213747
